{
    "loss": 8.839576721191406,
    "accuracy": 0.521276593208313
}